aload_0,105
dup,74
getstatic,60
invokevirtual,59
iload,51
getfield,47
bipush,44
invokespecial,40
istore,39
aload,38
iconst_0,33
goto,32
astore,29
putfield,24
iload_2,23
bastore,23
aload_1,22
invokestatic,22
i2b,21
return,21
iconst_1,19
ldc,19
ldc2_w,19
dastore,19
iinc,18
checkcast,17
new,16
if_icmpge,14
putstatic,13
aload_3,12
isub,12
imul,12
iload_1,11
arraylength,11
iload_3,10
nop,9
astore_3,9
iadd,9
irem,9
aconst_null,8
newarray,8
aaload,6
athrow,6
ifnull,6
ifnonnull,6
iconst_2,5
iconst_3,5
istore_2,5
istore_3,5
pop,5
areturn,5
iconst_4,4
sipush,4
faload,4
idiv,4
ifeq,4
ireturn,4
iconst_5,3
fstore,3
astore_1,3
fastore,3
ifne,3
ifle,3
fload,2
dload,2
baload,2
dstore,2
istore_1,2
astore_2,2
i2f,2
fcmpg,2
ifge,2
invokeinterface,2
fconst_0,1
fconst_1,1
fconst_2,1
dconst_0,1
daload,1
astore_0,1
aastore,1
dadd,1
fmul,1
fdiv,1
d2f,1
if_icmple,1
anewarray,1
